{"cameraMode":{"drawMode":0,"name":"Shaded","section":"Shading Mode"},"sceneLighting":true,"audioPlay":false,"sceneViewState":{"m_AlwaysRefresh":false,"showFog":true,"showSkybox":true,"showFlares":true,"showImageEffects":true,"showParticleSystems":true,"showVisualEffectGraphs":true,"m_FxEnabled":true},"in2DMode":false,"pivot":{"x":3.3560848236083986,"y":1.1129779815673829,"z":12.616289138793946},"rotation":{"x":-0.021802768111228944,"y":-0.04107425734400749,"z":0.0009066290222108364,"w":-0.9989384412765503},"size":1.7220888137817383,"orthographic":true}