{"cameraMode":{"drawMode":0,"name":"Shaded","section":"Shading Mode"},"sceneLighting":true,"audioPlay":false,"sceneViewState":{"m_AlwaysRefresh":false,"showFog":true,"showSkybox":true,"showFlares":true,"showImageEffects":true,"showParticleSystems":true,"showVisualEffectGraphs":true,"m_FxEnabled":true},"in2DMode":false,"pivot":{"x":3.3560848236083986,"y":1.1129779815673829,"z":12.616289138793946},"rotation":{"x":-0.1961549073457718,"y":-0.11501415073871613,"z":0.023178184404969217,"w":-0.9735478758811951},"size":8.643528938293457,"orthographic":true}