{"cameraMode":{"drawMode":0,"name":"Shaded","section":"Shading Mode"},"sceneLighting":true,"audioPlay":false,"sceneViewState":{"m_AlwaysRefresh":false,"showFog":true,"showSkybox":true,"showFlares":true,"showImageEffects":true,"showParticleSystems":true,"showVisualEffectGraphs":true,"m_FxEnabled":true},"in2DMode":false,"pivot":{"x":0.898010790348053,"y":1.7292956113815308,"z":0.07360025495290756},"rotation":{"x":-0.19310787320137025,"y":-0.002050439827144146,"z":0.00043229610309936106,"w":-0.9812089800834656},"size":1.343347430229187,"orthographic":false}