{"cameraMode":{"drawMode":0,"name":"Shaded","section":"Shading Mode"},"sceneLighting":true,"audioPlay":false,"sceneViewState":{"m_AlwaysRefresh":false,"showFog":true,"showSkybox":true,"showFlares":true,"showImageEffects":true,"showParticleSystems":true,"showVisualEffectGraphs":true,"m_FxEnabled":true},"in2DMode":false,"pivot":{"x":0.03143906593322754,"y":0.3037221431732178,"z":0.05913805961608887},"rotation":{"x":-0.17972320318222047,"y":-0.03598710894584656,"z":0.00660161767154932,"w":-0.9830676317214966},"size":1.6096205711364747,"orthographic":false}