{"cameraMode":{"drawMode":0,"name":"Shaded","section":"Shading Mode"},"sceneLighting":true,"audioPlay":false,"sceneViewState":{"m_AlwaysRefresh":false,"showFog":true,"showSkybox":true,"showFlares":true,"showImageEffects":true,"showParticleSystems":true,"showVisualEffectGraphs":true,"m_FxEnabled":true},"in2DMode":false,"pivot":{"x":2.4986584186553957,"y":0.6376926302909851,"z":-0.1877535581588745},"rotation":{"x":0.07542851567268372,"y":-0.5620389580726624,"z":0.05157031491398811,"w":0.822051465511322},"size":1.0789709091186524,"orthographic":true}