{"cameraMode":{"drawMode":0,"name":"Shaded","section":"Shading Mode"},"sceneLighting":true,"audioPlay":false,"sceneViewState":{"m_AlwaysRefresh":false,"showFog":true,"showSkybox":true,"showFlares":true,"showImageEffects":true,"showParticleSystems":true,"showVisualEffectGraphs":true,"m_FxEnabled":true},"in2DMode":false,"pivot":{"x":0.898009181022644,"y":-0.396418035030365,"z":0.14194858074188233},"rotation":{"x":0.10126233845949173,"y":0.3737552762031555,"z":-0.04109177365899086,"w":0.9210747480392456},"size":9.719260215759278,"orthographic":true}